m_sources,robust_q,bracket_width,threshold_tau,quorum_k,n_events,separable_ambiguous_pct,robust_ambiguous_pct,ambiguity_reduction_pp,separable_resolved_errors,robust_resolved_errors
4,0,0.1,0.0,2,1000,15.9,10.4,5.5,0,0
4,0,0.1,0.0,3,1000,18.5,12.3,6.199999999999999,0,0
4,0,0.1,0.1,2,1000,20.6,13.7,6.900000000000002,0,0
4,0,0.1,0.1,3,1000,12.9,7.6,5.300000000000001,0,0
4,0,0.1,0.25,2,1000,19.1,12.4,6.700000000000001,0,0
4,0,0.1,0.25,3,1000,5.1,3.1,1.9999999999999996,0,0
4,0,0.35,0.0,2,1000,55.7,35.4,20.300000000000004,0,0
4,0,0.35,0.0,3,1000,54.3,36.2,18.099999999999994,0,0
4,0,0.35,0.1,2,1000,62.2,39.6,22.6,0,0
4,0,0.35,0.1,3,1000,41.7,26.0,15.700000000000003,0,0
4,0,0.35,0.25,2,1000,51.3,35.5,15.799999999999997,0,0
4,0,0.35,0.25,3,1000,20.2,12.3,7.899999999999999,0,0
4,0,0.6,0.0,2,1000,81.2,56.8,24.400000000000006,0,0
4,0,0.6,0.0,3,1000,81.1,57.4,23.699999999999996,0,0
4,0,0.6,0.1,2,1000,87.0,62.5,24.5,0,0
4,0,0.6,0.1,3,1000,67.1,43.3,23.799999999999997,0,0
4,0,0.6,0.25,2,1000,73.8,52.0,21.799999999999997,0,0
4,0,0.6,0.25,3,1000,37.9,24.3,13.599999999999998,0,0
4,1,0.1,0.0,2,1000,18.0,17.1,0.8999999999999986,0,0
4,1,0.1,0.0,3,1000,17.8,16.6,1.1999999999999993,0,0
4,1,0.1,0.1,2,1000,18.7,17.6,1.0999999999999979,0,0
4,1,0.1,0.1,3,1000,11.6,11.1,0.5,0,0
4,1,0.1,0.25,2,1000,18.8,17.3,1.5,0,0
4,1,0.1,0.25,3,1000,5.7,5.2,0.5,0,0
4,1,0.35,0.0,2,1000,57.7,53.3,4.400000000000006,0,0
4,1,0.35,0.0,3,1000,55.3,51.3,4.0,0,0
4,1,0.35,0.1,2,1000,63.4,59.6,3.799999999999997,0,0
4,1,0.35,0.1,3,1000,43.4,39.1,4.299999999999997,0,0
4,1,0.35,0.25,2,1000,52.3,46.8,5.5,0,0
4,1,0.35,0.25,3,1000,16.9,15.1,1.799999999999999,0,0
4,1,0.6,0.0,2,1000,80.4,74.2,6.200000000000003,0,0
4,1,0.6,0.0,3,1000,80.7,75.6,5.1000000000000085,0,0
4,1,0.6,0.1,2,1000,86.5,82.8,3.700000000000003,0,0
4,1,0.6,0.1,3,1000,66.9,60.4,6.500000000000007,0,0
4,1,0.6,0.25,2,1000,75.9,70.3,5.6000000000000085,0,0
4,1,0.6,0.25,3,1000,42.1,35.6,6.5,0,0
4,2,0.1,0.0,2,1000,18.5,18.5,0.0,0,0
4,2,0.1,0.0,3,1000,18.0,18.0,0.0,0,0
4,2,0.1,0.1,2,1000,17.0,17.0,0.0,0,0
4,2,0.1,0.1,3,1000,11.9,11.9,0.0,0,0
4,2,0.1,0.25,2,1000,17.0,17.0,0.0,0,0
4,2,0.1,0.25,3,1000,5.8,5.8,0.0,0,0
4,2,0.35,0.0,2,1000,56.6,56.6,0.0,0,0
4,2,0.35,0.0,3,1000,56.2,56.2,0.0,0,0
4,2,0.35,0.1,2,1000,63.1,63.1,0.0,0,0
4,2,0.35,0.1,3,1000,42.5,42.5,0.0,0,0
4,2,0.35,0.25,2,1000,53.7,53.7,0.0,0,0
4,2,0.35,0.25,3,1000,18.8,18.7,0.10000000000000142,0,0
4,2,0.6,0.0,2,1000,80.9,80.5,0.4000000000000057,0,0
4,2,0.6,0.0,3,1000,80.8,80.8,0.0,0,0
4,2,0.6,0.1,2,1000,86.3,86.3,0.0,0,0
4,2,0.6,0.1,3,1000,65.6,65.6,0.0,0,0
4,2,0.6,0.25,2,1000,74.7,74.7,0.0,0,0
4,2,0.6,0.25,3,1000,39.1,39.1,0.0,0,0
8,0,0.1,0.0,3,1000,14.6,8.1,6.5,0,0
8,0,0.1,0.0,4,1000,26.0,13.0,13.0,0,0
8,0,0.1,0.0,6,1000,14.5,6.8,7.7,0,0
8,0,0.1,0.1,3,1000,23.4,12.6,10.799999999999999,0,0
8,0,0.1,0.1,4,1000,23.8,11.6,12.200000000000001,0,0
8,0,0.1,0.1,6,1000,7.2,3.8,3.4000000000000004,0,0
8,0,0.1,0.25,3,1000,26.0,13.5,12.5,0,0
8,0,0.1,0.25,4,1000,13.9,6.9,7.0,0,0
8,0,0.1,0.25,6,1000,0.4,0.3,0.10000000000000003,0,0
8,0,0.35,0.0,3,1000,50.1,24.4,25.700000000000003,0,0
8,0,0.35,0.0,4,1000,71.4,39.6,31.800000000000004,0,0
8,0,0.35,0.0,6,1000,53.8,25.1,28.699999999999996,0,0
8,0,0.35,0.1,3,1000,76.7,39.0,37.7,0,0
8,0,0.35,0.1,4,1000,77.1,41.8,35.3,0,0
8,0,0.35,0.1,6,1000,25.5,10.5,15.0,0,0
8,0,0.35,0.25,3,1000,68.3,40.5,27.799999999999997,0,0
8,0,0.35,0.25,4,1000,43.9,22.7,21.2,0,0
8,0,0.35,0.25,6,1000,6.3,2.1,4.199999999999999,0,0
8,0,0.6,0.0,3,1000,82.7,42.2,40.5,0,0
8,0,0.6,0.0,4,1000,93.9,62.7,31.200000000000003,0,0
8,0,0.6,0.0,6,1000,82.2,45.8,36.400000000000006,0,0
8,0,0.6,0.1,3,1000,94.0,65.3,28.700000000000003,0,0
8,0,0.6,0.1,4,1000,95.9,66.2,29.700000000000003,0,0
8,0,0.6,0.1,6,1000,61.3,23.3,38.0,0,0
8,0,0.6,0.25,3,1000,91.0,62.0,29.0,0,0
8,0,0.6,0.25,4,1000,75.6,38.4,37.199999999999996,0,0
8,0,0.6,0.25,6,1000,23.8,6.3,17.5,0,0
8,1,0.1,0.0,3,1000,14.5,11.7,2.8000000000000007,0,0
8,1,0.1,0.0,4,1000,24.9,18.5,6.399999999999999,0,0
8,1,0.1,0.0,6,1000,16.0,11.9,4.1,0,0
8,1,0.1,0.1,3,1000,23.3,17.2,6.100000000000001,0,0
8,1,0.1,0.1,4,1000,25.5,19.7,5.800000000000001,0,0
8,1,0.1,0.1,6,1000,6.8,5.5,1.2999999999999998,0,0
8,1,0.1,0.25,3,1000,24.9,19.2,5.699999999999999,0,0
8,1,0.1,0.25,4,1000,12.1,8.5,3.5999999999999996,0,0
8,1,0.1,0.25,6,1000,0.7,0.5,0.19999999999999996,0,0
8,1,0.35,0.0,3,1000,52.0,37.5,14.5,0,0
8,1,0.35,0.0,4,1000,72.5,54.8,17.700000000000003,0,0
8,1,0.35,0.0,6,1000,52.7,36.5,16.200000000000003,0,0
8,1,0.35,0.1,3,1000,73.7,55.7,18.0,0,0
8,1,0.35,0.1,4,1000,75.8,60.0,15.799999999999997,0,0
8,1,0.35,0.1,6,1000,31.4,20.1,11.299999999999997,0,0
8,1,0.35,0.25,3,1000,68.6,52.9,15.699999999999996,0,0
8,1,0.35,0.25,4,1000,43.2,29.5,13.700000000000003,0,0
8,1,0.35,0.25,6,1000,6.9,3.4,3.5000000000000004,0,0
8,1,0.6,0.0,3,1000,82.1,60.0,22.099999999999994,0,0
8,1,0.6,0.0,4,1000,94.6,78.6,16.0,0,0
8,1,0.6,0.0,6,1000,79.8,59.3,20.5,0,0
8,1,0.6,0.1,3,1000,95.3,79.2,16.099999999999994,0,0
8,1,0.6,0.1,4,1000,93.8,75.9,17.89999999999999,0,0
8,1,0.6,0.1,6,1000,57.8,32.7,25.099999999999994,0,0
8,1,0.6,0.25,3,1000,90.2,75.7,14.5,0,0
8,1,0.6,0.25,4,1000,73.4,52.7,20.700000000000003,0,0
8,1,0.6,0.25,6,1000,20.5,9.2,11.3,0,0
8,2,0.1,0.0,3,1000,14.7,13.2,1.5,0,0
8,2,0.1,0.0,4,1000,25.2,24.2,1.0,0,0
8,2,0.1,0.0,6,1000,13.9,12.7,1.200000000000001,0,0
8,2,0.1,0.1,3,1000,24.5,22.5,2.0,0,0
8,2,0.1,0.1,4,1000,24.4,22.7,1.6999999999999993,0,0
8,2,0.1,0.1,6,1000,5.6,5.4,0.1999999999999993,0,0
8,2,0.1,0.25,3,1000,26.2,24.3,1.8999999999999986,0,0
8,2,0.1,0.25,4,1000,12.8,11.6,1.200000000000001,0,0
8,2,0.1,0.25,6,1000,1.1,1.0,0.10000000000000009,0,0
8,2,0.35,0.0,3,1000,53.3,46.0,7.299999999999997,0,0
8,2,0.35,0.0,4,1000,73.9,67.5,6.400000000000006,0,0
8,2,0.35,0.0,6,1000,52.0,46.2,5.799999999999997,0,0
8,2,0.35,0.1,3,1000,78.1,70.0,8.099999999999994,0,0
8,2,0.35,0.1,4,1000,74.4,66.2,8.200000000000003,0,0
8,2,0.35,0.1,6,1000,27.6,22.7,4.900000000000002,0,0
8,2,0.35,0.25,3,1000,68.8,63.4,5.399999999999999,0,0
8,2,0.35,0.25,4,1000,44.0,38.0,6.0,0,0
8,2,0.35,0.25,6,1000,5.8,4.0,1.7999999999999998,0,0
8,2,0.6,0.0,3,1000,82.6,69.9,12.699999999999989,0,0
8,2,0.6,0.0,4,1000,94.3,86.8,7.5,0,0
8,2,0.6,0.0,6,1000,81.2,69.5,11.700000000000003,0,0
8,2,0.6,0.1,3,1000,94.2,88.8,5.400000000000006,0,0
8,2,0.6,0.1,4,1000,95.3,89.2,6.099999999999994,0,0
8,2,0.6,0.1,6,1000,62.0,46.7,15.299999999999997,0,0
8,2,0.6,0.25,3,1000,91.0,85.7,5.299999999999997,0,0
8,2,0.6,0.25,4,1000,76.0,63.4,12.600000000000001,0,0
8,2,0.6,0.25,6,1000,23.9,14.4,9.499999999999998,0,0
16,0,0.1,0.0,6,1000,17.1,8.0,9.100000000000001,0,0
16,0,0.1,0.0,8,1000,33.4,13.4,20.0,0,0
16,0,0.1,0.0,11,1000,15.9,7.0,8.9,0,0
16,0,0.1,0.1,6,1000,32.4,10.8,21.599999999999998,0,0
16,0,0.1,0.1,8,1000,29.0,12.7,16.3,0,0
16,0,0.1,0.1,11,1000,4.0,1.1,2.9,0,0
16,0,0.1,0.25,6,1000,23.7,9.1,14.6,0,0
16,0,0.1,0.25,8,1000,4.5,1.9,2.6,0,0
16,0,0.1,0.25,11,1000,0.1,0.1,0.0,0,0
16,0,0.35,0.0,6,1000,64.1,25.9,38.199999999999996,0,0
16,0,0.35,0.0,8,1000,87.5,46.2,41.3,0,0
16,0,0.35,0.0,11,1000,64.0,25.6,38.4,0,0
16,0,0.35,0.1,6,1000,88.2,46.2,42.0,0,0
16,0,0.35,0.1,8,1000,81.7,38.2,43.5,0,0
16,0,0.35,0.1,11,1000,28.5,7.0,21.5,0,0
16,0,0.35,0.25,6,1000,72.3,32.3,40.0,0,0
16,0,0.35,0.25,8,1000,31.7,8.3,23.4,0,0
16,0,0.35,0.25,11,1000,2.3,0.3,1.9999999999999998,0,0
16,0,0.6,0.0,6,1000,93.8,43.6,50.199999999999996,0,0
16,0,0.6,0.0,8,1000,99.4,69.8,29.60000000000001,0,0
16,0,0.6,0.0,11,1000,92.2,40.4,51.800000000000004,0,0
16,0,0.6,0.1,6,1000,99.3,71.4,27.89999999999999,0,0
16,0,0.6,0.1,8,1000,98.6,64.6,34.0,0,0
16,0,0.6,0.1,11,1000,72.2,17.0,55.2,0,0
16,0,0.6,0.25,6,1000,96.2,52.3,43.900000000000006,0,0
16,0,0.6,0.25,8,1000,78.8,20.6,58.199999999999996,0,0
16,0,0.6,0.25,11,1000,21.3,0.7,20.6,0,0
16,1,0.1,0.0,6,1000,15.8,8.9,6.9,0,0
16,1,0.1,0.0,8,1000,32.2,20.0,12.200000000000003,0,0
16,1,0.1,0.0,11,1000,17.3,10.6,6.700000000000001,0,0
16,1,0.1,0.1,6,1000,33.9,21.3,12.599999999999998,0,0
16,1,0.1,0.1,8,1000,27.6,16.4,11.200000000000003,0,0
16,1,0.1,0.1,11,1000,3.3,1.6,1.6999999999999997,0,0
16,1,0.1,0.25,6,1000,22.8,14.3,8.5,0,0
16,1,0.1,0.25,8,1000,4.5,2.1,2.4,0,0
16,1,0.1,0.25,11,1000,0.0,0.0,0.0,0,0
16,1,0.35,0.0,6,1000,63.3,31.3,31.999999999999996,0,0
16,1,0.35,0.0,8,1000,89.3,57.4,31.9,0,0
16,1,0.35,0.0,11,1000,65.7,33.8,31.900000000000006,0,0
16,1,0.35,0.1,6,1000,88.2,55.4,32.800000000000004,0,0
16,1,0.35,0.1,8,1000,81.5,51.7,29.799999999999997,0,0
16,1,0.35,0.1,11,1000,29.1,10.8,18.3,0,0
16,1,0.35,0.25,6,1000,71.4,42.4,29.000000000000007,0,0
16,1,0.35,0.25,8,1000,32.5,12.2,20.3,0,0
16,1,0.35,0.25,11,1000,2.0,0.4,1.6,0,0
16,1,0.6,0.0,6,1000,92.4,53.0,39.400000000000006,0,0
16,1,0.6,0.0,8,1000,99.0,77.5,21.5,0,0
16,1,0.6,0.0,11,1000,93.6,52.9,40.699999999999996,0,0
16,1,0.6,0.1,6,1000,99.5,79.4,20.099999999999994,0,0
16,1,0.6,0.1,8,1000,98.3,70.7,27.599999999999994,0,0
16,1,0.6,0.1,11,1000,69.1,20.9,48.199999999999996,0,0
16,1,0.6,0.25,6,1000,95.3,65.8,29.5,0,0
16,1,0.6,0.25,8,1000,77.2,28.3,48.900000000000006,0,0
16,1,0.6,0.25,11,1000,20.6,1.7,18.900000000000002,0,0
16,2,0.1,0.0,6,1000,15.2,10.9,4.299999999999999,0,0
16,2,0.1,0.0,8,1000,36.5,28.7,7.800000000000001,0,0
16,2,0.1,0.0,11,1000,15.7,11.7,4.0,0,0
16,2,0.1,0.1,6,1000,31.7,24.1,7.599999999999998,0,0
16,2,0.1,0.1,8,1000,29.5,23.4,6.100000000000001,0,0
16,2,0.1,0.1,11,1000,4.1,3.1,0.9999999999999996,0,0
16,2,0.1,0.25,6,1000,22.5,16.7,5.800000000000001,0,0
16,2,0.1,0.25,8,1000,3.8,2.6,1.1999999999999997,0,0
16,2,0.1,0.25,11,1000,0.2,0.1,0.1,0,0
16,2,0.35,0.0,6,1000,65.3,39.2,26.099999999999994,0,0
16,2,0.35,0.0,8,1000,89.8,70.0,19.799999999999997,0,0
16,2,0.35,0.0,11,1000,65.4,44.0,21.400000000000006,0,0
16,2,0.35,0.1,6,1000,90.0,67.9,22.099999999999994,0,0
16,2,0.35,0.1,8,1000,82.2,60.8,21.400000000000006,0,0
16,2,0.35,0.1,11,1000,27.0,12.8,14.2,0,0
16,2,0.35,0.25,6,1000,70.8,49.0,21.799999999999997,0,0
16,2,0.35,0.25,8,1000,32.1,15.9,16.200000000000003,0,0
16,2,0.35,0.25,11,1000,3.3,0.7,2.5999999999999996,0,0
16,2,0.6,0.0,6,1000,92.7,61.8,30.900000000000006,0,0
16,2,0.6,0.0,8,1000,99.5,86.7,12.799999999999997,0,0
16,2,0.6,0.0,11,1000,94.7,65.7,29.0,0,0
16,2,0.6,0.1,6,1000,99.4,86.1,13.300000000000011,0,0
16,2,0.6,0.1,8,1000,97.7,81.1,16.60000000000001,0,0
16,2,0.6,0.1,11,1000,73.3,29.7,43.599999999999994,0,0
16,2,0.6,0.25,6,1000,96.5,75.1,21.400000000000006,0,0
16,2,0.6,0.25,8,1000,75.5,37.5,38.0,0,0
16,2,0.6,0.25,11,1000,21.8,3.9,17.900000000000002,0,0
