bracket_width,direction,n,resolved_pct,ambiguous_pct,midpoint_error_pct,midpoint_error_given_ambiguous_pct,max_identified_width,resolved_errors
0.01,addition,200000,98.9985,1.0015,0.2505,25.012481278082877,0.010000000000000037,0
0.01,removal,200000,99.141,0.859,0.2235,26.018626309662398,0.010000000000000037,0
0.05,addition,200000,94.94200000000001,5.058,1.2685,25.07908264136022,0.05000000000000007,0
0.05,removal,200000,95.832,4.168,1.036,24.856046065259118,0.050000000000000044,0
0.1,addition,200000,89.6055,10.394499999999999,2.5745,24.767906104189716,0.10000000000000009,0
0.1,removal,200000,91.652,8.347999999999999,2.0695,24.79036895064686,0.10000000000000003,0
0.25,addition,200000,73.801,26.199,6.675000000000001,25.47807168212527,0.2500000000000001,0
0.25,removal,200000,78.2145,21.7855,5.4719999999999995,25.11762410777811,0.25000000000000006,0
0.5,addition,200000,47.676,52.324000000000005,13.0225,24.888196621053435,0.44998660125098666,0
0.5,removal,200000,54.708,45.292,11.645,25.71094232977126,0.4499777588779831,0
