date_before,date_after,customer,provider,change,tal,snapshot_before_utc,snapshot_after_utc,exact_status,signing_time_utc,probe_time_utc,adjacent_paths,prefixes,vantages,clock_basis,first_seen_confirmed,interpretation
2026-08-26,2026-08-27,16652,6939,added,arin,2026-08-26T04:21:10+00:00,2026-08-27T04:23:49+00:00,route_observed_before_embedded_signing_time,2026-08-26T12:19:02+00:00,2026-08-26T11:19:02+00:00,372,4,334,embedded_cms_signing_time,false,candidate_only_not_confirmed_temporal_gap
2026-08-26,2026-08-27,401315,6939,added,arin,2026-08-26T04:21:10+00:00,2026-08-27T04:23:49+00:00,route_observed_before_embedded_signing_time,2026-08-26T15:52:08+00:00,2026-08-26T14:52:08+00:00,31,1,31,embedded_cms_signing_time,false,candidate_only_not_confirmed_temporal_gap
2026-08-27,2026-08-28,43171,24115,removed,ripencc,2026-08-27T04:38:38+00:00,2026-08-28T04:42:57+00:00,route_observed_after_embedded_signing_time,2026-08-27T09:26:49+00:00,2026-08-27T10:26:49+00:00,20,5,4,embedded_cms_signing_time,false,candidate_only_not_confirmed_temporal_gap
2026-08-28,2026-08-29,59970,6939,added,ripencc,2026-08-28T04:42:57+00:00,2026-08-29T04:42:17+00:00,route_observed_before_embedded_signing_time,2026-08-28T05:56:49+00:00,2026-08-28T04:56:49+00:00,655,5,316,embedded_cms_signing_time,false,candidate_only_not_confirmed_temporal_gap
2026-08-28,2026-08-29,197946,50049,added,ripencc,2026-08-28T04:42:57+00:00,2026-08-29T04:42:17+00:00,unmatched_current_object,,,,,,embedded_cms_signing_time,false,candidate_only_not_confirmed_temporal_gap
2026-08-30,2026-08-31,197946,63023,added,ripencc,2026-08-30T04:43:33+00:00,2026-08-31T04:38:22+00:00,unmatched_current_object,,,,,,embedded_cms_signing_time,false,candidate_only_not_confirmed_temporal_gap
2026-08-30,2026-08-31,206033,136557,removed,ripencc,2026-08-30T04:43:33+00:00,2026-08-31T04:38:22+00:00,route_observed_after_embedded_signing_time,2026-08-30T07:55:12+00:00,2026-08-30T08:55:12+00:00,1,1,1,embedded_cms_signing_time,false,candidate_only_not_confirmed_temporal_gap
2026-08-30,2026-08-31,207682,203291,added,ripencc,2026-08-30T04:43:33+00:00,2026-08-31T04:38:22+00:00,route_observed_before_embedded_signing_time,2026-08-30T11:44:29+00:00,2026-08-30T10:44:29+00:00,27,2,18,embedded_cms_signing_time,false,candidate_only_not_confirmed_temporal_gap
2026-08-30,2026-08-31,215085,6830,added,ripencc,2026-08-30T04:43:33+00:00,2026-08-31T04:38:22+00:00,route_observed_before_embedded_signing_time,2026-08-30T11:44:30+00:00,2026-08-30T10:44:30+00:00,16,4,10,embedded_cms_signing_time,false,candidate_only_not_confirmed_temporal_gap
2026-08-31,2026-09-01,212855,8298,removed,ripencc,2026-08-31T04:38:22+00:00,2026-09-01T04:36:39+00:00,route_observed_after_embedded_signing_time,2026-08-31T17:43:12+00:00,2026-08-31T18:43:12+00:00,11,2,11,embedded_cms_signing_time,false,candidate_only_not_confirmed_temporal_gap
2026-09-01,2026-09-02,2572,6939,added,arin,2026-09-01T04:19:37+00:00,2026-09-02T04:19:16+00:00,route_observed_before_embedded_signing_time,2026-09-01T21:07:46+00:00,2026-09-01T20:07:46+00:00,3212,46,336,embedded_cms_signing_time,false,candidate_only_not_confirmed_temporal_gap
2026-09-01,2026-09-02,24904,6939,added,ripencc,2026-09-01T04:36:39+00:00,2026-09-02T04:32:46+00:00,route_observed_before_embedded_signing_time,2026-09-01T10:28:12+00:00,2026-09-01T09:28:12+00:00,756,35,228,embedded_cms_signing_time,false,candidate_only_not_confirmed_temporal_gap
2026-09-01,2026-09-02,49418,59692,added,ripencc,2026-09-01T04:36:39+00:00,2026-09-02T04:32:46+00:00,route_observed_before_embedded_signing_time,2026-09-01T15:13:12+00:00,2026-09-01T14:13:12+00:00,321,1,321,embedded_cms_signing_time,false,candidate_only_not_confirmed_temporal_gap
2026-09-01,2026-09-02,59920,37988,added,ripencc,2026-09-01T04:36:39+00:00,2026-09-02T04:32:46+00:00,route_observed_before_embedded_signing_time,2026-09-01T09:22:12+00:00,2026-09-01T08:22:12+00:00,16,1,16,embedded_cms_signing_time,false,candidate_only_not_confirmed_temporal_gap
2026-09-01,2026-09-02,59920,60841,added,ripencc,2026-09-01T04:36:39+00:00,2026-09-02T04:32:46+00:00,not_confirmed_at_probe,2026-09-01T09:22:12+00:00,2026-09-01T08:22:12+00:00,0,0,0,embedded_cms_signing_time,false,candidate_only_not_confirmed_temporal_gap
